cluster,白细胞,CRP,TNF,PTC,il6,il10,性别,年龄,SOFA,APACHE,prognosis,机械通气,住院时长,是否二感,慢性病个数,入院感染部位,新感部位,BMI,血红蛋白,血小板,总胆,间胆,白蛋白,AST,ALT,肌酐,CRRT,深静脉置管,入量,出量,血管活性药物,慢性心脏疾病,慢性肝脏疾病,慢性肺疾病,慢性肾脏疾病,合并症,感染部位拼接,入量-出量,高血压,糖尿病,肿瘤
1,8.675,115.15583330000001,1.0274999999999999,14.515833333,1086.4316669999998,218.05570007,1.0,20.0,6.0,11.0,1.0,0.0,29.0,1.0,0.0,1.0,0.0,3.129999999999999,27.0,132.0,21.7,6.199999999999999,5.5,59.0,21.0,327.1,1.0,1.0,2270.0,1600.0,1.0,0.0,0.0,0.0,1.0,0.0,1.0,2812.8,1.0,1.0,1.0
2,8.620000000000001,130.54399999999998,0.7275,32.97,1465.4725,298.38766669999995,1.0,17.0,4.0,11.0,1.0,0.0,16.0,1.0,0.0,0.0,0.0,5.919999999999998,29.0,95.0,22.4,8.3,7.5,92.0,58.0,156.5,0.0,1.0,1948.8000000000002,2050.0,0.0,0.0,0.0,0.0,0.0,1.0,0.0,2010.6000000000004,1.0,1.0,0.0
3,8.8125,133.59158335,0.9787499999999998,23.67625,450.9375,94.5665,0.0,19.5,6.0,9.0,1.0,0.0,22.0,1.0,0.0,0.0,0.0,6.214999999999996,47.0,132.0,11.650000000000002,4.899999999999999,10.749999999999996,83.0,53.0,76.0,0.0,1.0,2746.3,1607.5,1.0,0.0,0.0,0.0,0.0,1.0,0.0,2398.0,1.0,0.0,0.0
4,7.99375,121.04624999250001,0.73566666675,12.946875,604.5762500000001,150.17299167500002,1.0,15.25,5.0,10.0,1.0,0.0,14.0,1.0,0.0,0.0,0.0,6.3125000000000036,36.0,122.5,9.350000000000003,4.8999999999999995,7.324999999999999,52.0,36.75,159.42499999999998,0.0,0.0,1636.3,1540.0,1.0,0.0,0.0,0.0,0.0,1.0,0.0,2070.15,1.0,1.0,0.0
