cluster,白细胞,CRP,TNF,PTC,il6,il10,性别,年龄,SOFA,APACHE,转归,机械通气,住院时长,是否二感,慢性病个数
1,14.21045045045045,147.1159954954955,1.6906756756756756,18.854864864864865,2227.848603613513,481.9441180200001,0.2972972972972973,73.35135135135135,11.216216216216216,25.56756756756757,0.13513513513513514,0.918918918918919,21.783783783783782,0.2972972972972973,1.837837837837838
2,13.939481481481481,167.07283703703703,2.0449629629629626,19.06461111111111,2214.323111110378,483.289000740594,0.4222222222222222,66.6,10.044444444444444,25.244444444444444,0.17777777777777778,0.9555555555555556,17.444444444444443,0.3111111111111111,1.511111111111111
3,12.679022988505746,159.92989942528735,2.2989281609195404,17.220991379310345,1127.4386091367758,263.9134902181598,0.2413793103448276,68.27586206896552,9.051724137931034,23.24137931034483,0.29310344827586204,0.896551724137931,20.913793103448278,0.3103448275862069,1.4827586206896552
4,13.348526011560693,155.02602697495183,1.45328612716763,13.63840274566474,893.6618651277456,215.4256213974181,0.37572254335260113,73.54335260115607,8.693641618497109,22.722543352601157,0.35260115606936415,0.8265895953757225,20.572254335260116,0.4508670520231214,1.8497109826589595
