cluster,白细胞,CRP,TNF,PTC,il6,il10,性别,年龄,SOFA,APACHE,转归,机械通气,住院时长,是否二感,慢性病个数
1,14.174999999999999,154.60310606060605,1.6564141414141413,19.37529292929293,2012.5071717272729,440.4633969717172,0.2727272727272727,73.36363636363636,11.696969696969697,25.90909090909091,0.21212121212121213,0.9090909090909091,23.181818181818183,0.3333333333333333,1.9696969696969697
2,15.009407407407407,163.96758888888888,2.0414074074074073,20.804003703703703,2315.341740740822,503.43282962964594,0.4888888888888889,67.2,10.155555555555555,24.444444444444443,0.26666666666666666,0.9111111111111111,16.57777777777778,0.3333333333333333,1.488888888888889
3,12.44701058201058,165.09624867724867,2.266063492063492,16.991330687830686,1068.176431162905,252.99541692041166,0.2222222222222222,68.58730158730158,9.079365079365079,23.41269841269841,0.3333333333333333,0.9047619047619048,20.984126984126984,0.31746031746031744,1.507936507936508
4,13.199893410852713,152.18313178294574,1.453765503875969,13.184767490310076,954.4863381808141,226.90157927375967,0.37209302325581395,73.4186046511628,8.61046511627907,22.8546511627907,0.4883720930232558,0.8372093023255814,20.523255813953487,0.436046511627907,1.8313953488372092
