cluster,白细胞,CRP,TNF,PTC,il6,il10,性别,年龄,SOFA,APACHE,转归,机械通气,住院时长,是否二感,慢性病个数,入院感染部位,新感部位,感染部位拼接
1,12.549999999999999,129.14600000000002,1.47,7.41,164.03,70.096,1.0,74.0,12.0,27.0,1.0,1.0,19.0,0.0,1.0,0.0,0.0,0.0
2,12.375,148.2525,1.56,6.609999999999999,107.65,62.38966666666668,1.0,68.0,10.0,25.0,1.0,1.0,12.0,0.0,1.0,0.0,0.0,0.0
3,11.133333333333333,137.875,1.5633333333333332,2.6199999999999997,170.7175,71.7435,1.0,72.0,8.0,23.0,1.0,1.0,16.0,0.0,1.0,0.0,0.0,0.0
4,12.049999999999999,124.893,1.3275000000000001,2.59,105.9425,54.53183333333334,1.0,75.0,8.0,23.0,1.0,1.0,14.5,0.0,1.0,0.0,0.0,0.0
