cluster,白细胞,CRP,TNF,PTC,il6,il10,性别,年龄,SOFA,APACHE,转归,机械通气,住院时长,是否二感,慢性病个数
1,12.549999999999999,128.0125,1.6,5.96,164.03,70.096,0.0,74.0,12.0,27.0,0.0,1.0,17.0,0.0,2.0
2,11.450000000000001,151.0925,1.5775000000000001,6.27,107.65,67.1685,0.0,68.0,10.0,26.0,0.0,1.0,12.0,0.0,2.0
3,11.3125,136.36374999999998,1.46,2.45125,158.06666665,65.70793333,0.0,71.5,8.5,23.0,0.0,1.0,16.0,0.0,1.0
4,12.075,125.37600000000002,1.325,2.4966666666666666,106.355,55.524,0.0,76.0,8.0,23.0,0.0,1.0,14.0,0.0,2.0
