cluster,白细胞,CRP,TNF,PTC,il6,il10,性别,年龄,SOFA,APACHE,prognosis,机械通气,住院时长,是否二感,慢性病个数,入院感染部位,新感部位,BMI,血红蛋白,血小板,总胆,间胆,白蛋白,AST,ALT,肌酐,CRRT,深静脉置管,入量,出量,血管活性药物,慢性心脏疾病,慢性肝脏疾病,慢性肺疾病,慢性肾脏疾病,合并症,感染部位拼接,入量-出量,高血压,糖尿病,肿瘤
1,12.55,129.146,1.47,7.41,164.03,70.096,1.0,74.0,12.0,27.0,1.0,1.0,19.0,0.0,1.0,0.0,0.0,22.49,84.0,152.0,10.4,5.6,27.4,44.0,19.0,271.7,0.0,1.0,3474.0,1130.0,1.0,0.0,0.0,0.0,0.0,0.0,0.0,1616.0,1.0,0.0,0.0
2,12.375,148.2525,1.56,6.61,107.65,62.38966667,1.0,68.0,10.0,25.0,0.0,1.0,12.0,0.0,1.0,0.0,0.0,23.66,116.0,169.0,15.8,6.4,27.4,57.0,26.0,121.3,0.0,1.0,3782.4,1850.0,1.0,0.0,0.0,0.0,0.0,0.0,0.0,1199.0,0.0,0.0,0.0
3,11.13333333,137.875,1.563333333,2.62,170.7175,71.7435,1.0,72.0,8.0,23.0,0.0,1.0,16.0,0.0,1.0,0.0,0.0,23.31,106.0,165.0,11.3,6.0,28.8,59.0,34.0,94.8,0.0,1.0,3304.0,1900.0,1.0,0.0,0.0,0.0,0.0,0.0,0.0,1138.1999999999998,0.0,0.0,0.0
4,12.05,124.893,1.3275000000000001,2.59,105.9425,54.531833335,1.0,75.0,8.0,23.0,0.0,1.0,14.5,0.0,1.0,0.0,0.0,21.875,98.0,166.0,10.9,5.4,26.65,46.0,24.0,114.1,0.0,1.0,2518.4,1845.0,1.0,0.0,0.0,0.0,0.0,0.0,0.0,852.4000000000001,1.0,0.0,0.0
