cluster,白细胞,CRP,TNF,PTC,il6,il10,性别,年龄,SOFA,APACHE,转归,机械通气,住院时长,是否二感,慢性病个数,入院感染部位,新感部位,BMI,血红蛋白,血小板,总胆,间胆,白蛋白,AST,ALT,肌酐,CRRT,深静脉置管,入量,出量,血管活性药物,慢性心脏疾病,慢性肝脏疾病,慢性肺疾病,慢性肾脏疾病,合并症,感染部位拼接,入量-出量,高血压,糖尿病,肿瘤
1,9.0,75.1275,1.0825,0.8966666666666666,32.295,39.49913333333334,0.0,63.0,9.0,20.0,1.0,1.0,9.0,0.0,1.0,0.0,0.0,20.75,72.0,80.0,6.5,2.5,25.5,32.0,12.0,114.5,0.0,0.0,2144.0,850.0,0.0,0.0,0.0,0.0,0.0,0.0,0.0,514.1999999999998,0.0,0.0,0.0
2,8.540000000000001,81.7,1.1575,0.85,16.81,32.04950000000001,0.0,60.0,8.0,19.0,0.0,1.0,7.0,0.0,1.0,0.0,0.0,20.03,98.0,118.0,8.3,4.0,23.7,33.0,13.0,56.9,0.0,0.0,2664.2,1400.0,1.0,0.0,0.0,0.0,0.0,0.0,0.0,257.39999999999964,0.0,0.0,0.0
3,7.5625,86.298,1.125,0.9099999999999999,28.4925,43.07025,1.0,59.5,6.0,19.5,0.0,1.0,6.0,0.0,1.0,0.0,0.0,20.35,86.5,93.0,7.8,3.5,23.3,34.0,16.5,63.400000000000006,0.0,0.0,2340.7,1177.5,0.0,0.0,0.0,0.0,0.0,0.0,0.0,264.5,0.0,0.0,0.0
4,8.44375,74.60708333333334,1.046,0.3825,30.880000000000003,27.589600000000004,0.0,67.0,6.0,18.0,0.0,1.0,9.0,0.0,1.0,0.0,0.0,18.97,82.0,105.75,7.475,3.7,23.3,27.0,12.0,64.75,0.0,1.0,2046.45,1272.5,0.0,0.0,0.0,0.0,0.0,0.0,0.0,-287.25,0.0,0.0,0.0
