cluster,白细胞,CRP,TNF,PTC,il6,il10,性别,年龄,SOFA,APACHE,转归,机械通气,住院时长,是否二感,慢性病个数,入院感染部位,新感部位,BMI,血红蛋白,血小板,总胆,间胆,白蛋白,AST,ALT,肌酐,CRRT,深静脉置管,入量,出量,血管活性药物,慢性心脏疾病,慢性肝脏疾病,慢性肺疾病,慢性肾脏疾病,合并症,感染部位拼接,入量-出量,高血压,糖尿病,肿瘤
1,17.675,190.2833333333333,2.11,15.4125,1118.726667,257.5548334,1.0,83.0,15.0,31.0,1.0,1.0,38.0,1.0,1.0,1.0,0.0,23.88,99.0,212.0,28.2,8.7,31.0,91.0,33.0,441.6,1.0,1.0,4414.0,2450.0,1.0,0.0,0.0,0.0,1.0,0.0,1.0,3327.0,1.0,1.0,1.0
2,17.16,212.244,1.885,33.82,1482.2825,330.4371666666667,1.0,77.0,12.0,30.0,1.0,1.0,23.0,1.0,1.0,0.0,0.0,25.95,127.0,213.0,30.7,12.3,31.2,125.0,71.0,213.4,0.0,1.0,4613.0,3450.0,1.0,0.0,0.0,0.0,0.0,1.0,0.0,2268.0,1.0,1.0,0.0
3,16.375,219.88958333333335,2.10375,24.58625,479.43,137.63675,1.0,79.0,12.0,28.5,1.0,1.0,28.0,1.0,1.0,0.0,0.0,26.564999999999998,133.5,225.0,19.450000000000003,8.399999999999999,34.05,117.0,69.5,139.4,0.0,1.0,5087.0,2785.0,1.0,0.0,0.0,0.0,0.0,1.0,0.0,2662.5,1.0,0.0,0.0
4,16.4375,195.65333333333334,1.7816666666666667,13.329375,635.4562500000001,177.76259166666665,1.0,82.25,11.0,28.0,1.0,1.0,23.0,1.0,1.0,0.0,0.0,25.282500000000002,118.0,228.25,16.825000000000003,8.6,30.625,79.0,48.75,224.17499999999998,0.0,1.0,3682.75,2812.5,1.0,0.0,0.0,0.0,0.0,1.0,0.0,1782.9,1.0,1.0,0.0
